avg_duration,ride_date,avg_speed_kmh,avg_temp,avg_distance
1065.2006733534404,2017-06-06,0.6997888471160255,16.007434944238724,3509.5604965981624
1007.0192307692307,2016-10-29,1.268110201735997,4.866568047337288,7198.387573964497
813.5827302358986,2018-09-06,0.18141127925878006,17.925639467433722,2001.2502629688975
849.3702510010743,2017-09-13,0.6678531418753529,15.085076667644346,2708.9421818536966
1163.2672474480817,2019-04-24,0.1756380588923935,14.26088085181175,2102.662104892643
1161.6370639374932,2020-04-09,0.17849184537988133,7.263156157147507,2426.166721690327
1178.4074213457775,2020-09-16,0.18759423622156268,15.020028601537648,2095.002332530483
1419.9356492027334,2016-08-14,0.1482550714877111,16.64487471526218,2416.481776765376
1643.8188217858467,2019-10-27,0.010098122485143171,3.2243052982585576,310.48771026306036
861.1890993146518,2018-05-21,0.16435553829060254,19.305008313394676,2046.0763344012328
695.81884765625,2016-09-23,0.19562385010080335,9.158740234375086,1582.236328125
1259.807938540333,2020-10-20,0.18246577108974796,1.6434571062739574,2046.3244980793854
641.1040943789035,2016-10-10,0.18347808348576783,7.140388619014584,1569.564191533657
1650.4528915540197,2017-07-22,0.6269285940527979,16.67894094928561,3333.8526272995223
929.7148565201599,2016-08-19,1.242966699520807,17.986850708318293,3134.9026516527424
1124.6267285470733,2020-04-13,0.17741321859834117,5.651648039401022,2811.270191324115
717.4304566765063,2017-10-05,0.18653138717297107,9.487081090467465,1832.166348324362
1248.7147654641967,2019-04-14,0.16302371310073996,6.238804029899308,1927.6314592135197
834.4400521285838,2018-09-03,0.1799777206203133,17.56920069504742,2009.0826639878364
1376.7981099656358,2016-07-27,1.5238551567629806,22.752462772051153,3118.9126575028636
783.449980537174,2016-09-15,0.17743087998226217,14.820124562086681,1638.349941611522
1057.472920696325,2016-08-02,0.15844547652414417,18.721534493875183,2011.199871050935
1047.0532777391707,2019-04-10,0.17752523475892854,-0.24069955987955713,1695.3495089182302
1047.2701240623196,2020-09-18,0.18288360280642954,12.157450952106442,2100.876490190421
909.1669429919654,2020-08-30,0.18430700475277553,13.935259891388402,2210.7290728223443
962.7523979687794,2020-07-05,0.18341135816149298,16.077769418846724,2350.7491376716193
848.8791472183676,2017-09-07,1.850478774436674,10.858243976283108,2823.1526428661537
780.2794222964908,2017-09-19,0.7886831334402364,9.577285748389052,2344.3632131773693
1481.1820224719102,2020-03-24,0.16498779002545727,4.146741573033635,2364.2125232744784
1682.1960591133004,2016-06-24,0.1460718108658181,16.28847290640386,2540.884729064039
877.2052871331491,2020-09-25,0.18562606347925056,15.636076469270405,2120.985587334777
930.27343466307,2020-08-28,0.18416159329878373,15.590797323236139,2210.637513617264
728.4746500107689,2019-06-26,0.18916375797734752,15.947611458106609,2036.6353077751455
852.696309314587,2016-08-31,0.18548035507350583,16.759824253075884,1733.493848857645
793.7548331774244,2018-05-16,0.16342873820193712,19.48369192391966,1993.4046624571258
991.8129932627527,2017-05-30,2.7091258251516233,10.618161693937,3494.2343599615015
1015.3926164519326,2018-05-27,0.15436534966892834,18.98392467789715,2142.5414256689783
848.4098767702777,2017-09-05,1.7008656464346272,12.585148059592534,2955.409416957881
1225.7381910017773,2017-07-09,0.5088520192354348,17.77406229538769,3440.5420447105043
763.8561732385261,2018-09-20,0.18147228934166776,16.1648028442148,1862.0547511312218
941.4960333467797,2019-10-13,0.18232387333703937,9.654524673927249,2105.653131639102
974.9361119949093,2018-08-19,0.16089915283271103,19.45952911231499,2078.009968819599
906.3937573894538,2019-05-09,0.18215188119858583,11.127751241429461,2011.5512570347598
1070.6833397460562,2018-07-28,0.15624272851220014,25.422701038862176,2118.3817396800964
1137.6721717588769,2017-06-25,0.16232118271113777,14.50886870355026,2317.102559867878
898.2432155180453,2018-07-19,0.1646474711529546,25.107059591531993,2102.379945910659
899.9359043997828,2017-08-22,1.118769507299644,15.809094436254734,2931.431442538993
813.7932073404546,2018-04-18,0.1738686250652306,8.879631151282556,1969.4470318634167
1030.834703196347,2017-07-14,0.6946009361854405,16.794063926941345,2505.4300539643004
1578.0491437081162,2019-04-19,0.16117930088526197,14.640766939690618,2214.9475055845123
897.8047545012288,2018-08-29,0.17608560052118805,17.645488740661428,1999.7785244997242
1097.878667985493,2016-08-05,0.15619487589726433,19.071810089020932,1986.022420046159
937.8648484848485,2020-05-28,0.19057855396687198,14.419793939391818,2485.17416060606
975.2521985679274,2020-08-14,0.1865681215586621,18.0669373828639,2375.006182901629
841.1989332908772,2018-05-17,0.16452610639594273,19.069001751309674,2018.5583637159687
816.3844898910447,2018-08-27,0.17998408110592634,16.17337877993702,2011.2175412223971
813.3830211941525,2018-06-05,0.17715968646168392,11.06086420477933,1850.3393019432865
1130.6583924349882,2020-04-12,0.18459181445660727,4.917218282111975,2419.267403467297
884.8655682456468,2020-04-14,0.1879007046981886,2.9445234974724372,2394.292769144355
1096.2793461248623,2018-06-10,0.15759512776539336,15.594835082021257,2149.1825395629235
1043.8476897059625,2018-08-04,0.15683749274280637,22.53096939610812,2180.3743030931214
857.452998469978,2019-06-10,0.18383127676115976,17.35277456431798,2206.3177713923196
876.609013531209,2018-04-28,0.16290831585054077,7.800349192491626,1952.2741139240507
813.5720601237842,2016-08-18,0.4015494250356333,16.122458001768337,3290.650751547303
639.4294990723562,2017-10-26,0.17627005531073328,0.6276437847866375,1676.0658627087198
1081.3823743627095,2016-08-01,3.143472695022822,18.62039329934507,3401.3885651857245
736.8686493184634,2018-10-16,0.18611261913939553,12.588399580591524,1888.2842760461351
1243.3915032679738,2017-06-04,0.4131201713587295,10.314855275442948,2637.065639589169
883.5534271176294,2016-08-25,0.4311682708209378,17.803771325950137,2869.4699191858726
965.1442548921224,2018-05-08,0.16425263208423216,13.450356246864967,1969.8133968891118
1181.294428882664,2016-08-11,0.16465694655017837,15.550357920946674,1988.473078120137
824.3131367292225,2019-04-09,0.17976475423556107,2.4973324396782273,1745.6861916890082
867.6190985289087,2019-05-15,0.18364696013590417,11.767965275403458,2089.853019158399
1054.1259168704157,2020-03-30,0.17514420533584513,0.22377750611246086,2398.802023227384
1078.9601339332426,2020-04-26,0.18621107853952454,6.772219315684585,2811.8659956053157
975.3429700499169,2020-08-26,0.18840343224235082,16.47262375208165,2301.2846812603993
921.6973006817866,2020-07-23,0.16126342662941,14.669403088910306,1931.3310852928907
932.9842950624628,2020-07-09,0.18739210176067694,14.750672218920602,2274.1608364069007
1125.6529395322837,2017-07-02,0.6904094836573497,16.933075561352528,2624.8205534333365
1149.2284095349746,2020-04-10,0.17513635976303385,6.222538100820405,2805.5993229777255
1008.9112696850393,2019-06-29,0.17177882303210817,17.2515600393689,2197.734744094488
1127.4981519507187,2020-07-11,0.18157378150581924,14.689045174537267,2207.114375770021
896.8579505793662,2018-08-12,0.16233025767974946,17.02970124249557,1995.7860309926018
802.9910992635431,2018-08-14,0.174226118487301,17.970736005062143,2049.170168526635
1201.435123717562,2017-08-13,0.8153544292592106,18.2385234359276,3707.9595654797827
964.6826459297175,2020-07-15,0.18394121814052675,19.517895462155092,2403.37029678118
1098.6296193387052,2020-10-29,0.1850558689512433,10.696957488191671,2152.367046401778
886.4047465048012,2018-07-23,0.16838515333182458,23.48005373401787,2150.2396790885114
1037.8171565276828,2016-08-15,1.4024578480819274,15.456903622693549,3322.1414900888585
873.578513926159,2018-10-15,0.15596956232446574,13.109975016191342,1543.063601369483
821.3140150907047,2020-05-11,0.19806483190405913,4.667811847808717,2266.7732107882484
781.6303134392443,2016-08-22,0.172474610905684,18.10304851867775,1717.245169600687
1092.1996831357822,2020-07-19,0.17580966059481137,21.044654383286662,2450.149532331886
797.5098039215686,2017-10-28,0.1790778883619982,3.9741687979539586,1674.0230179028133
703.6439790575917,2016-10-14,0.1836573015985254,2.982124158563938,1497.750186985789
836.5405819295559,2018-04-17,0.17498905930423772,8.314803471158186,1967.3000183767228
984.30957562568,2016-05-25,1.3249356155199759,20.649863982589924,2998.1634929270945
762.1787729619402,2018-10-24,0.18810524159320996,4.871257053668022,1770.5371185016209
1051.9022430532307,2017-05-29,0.5828402921359858,15.447447271511331,2765.910863742886
1390.1135757575757,2017-07-01,0.2103938632407049,13.995345454545726,3081.544606060606
1094.8897948783285,2017-09-02,1.2701769226891109,14.108102943050191,3013.688750159256
933.5033854487258,2017-07-11,5.780484422609682,17.101834297672646,4731.783700603225
1118.198352499796,2019-06-22,0.16386947188653825,17.700848217926737,2329.589103662018
916.7013488880788,2018-07-08,0.16131430239005926,19.600379146918804,2163.9297601166604
1041.789618696187,2019-06-30,0.17438082267379973,18.720851168508986,2302.54089397294
698.8255395683453,2016-10-04,0.43268938104810284,6.436690647482059,3703.9112709832134
796.0267558528428,2016-10-30,0.1808489687862309,3.902508361203999,1739.6705685618729
876.3954478354904,2019-06-19,0.1833180491918827,20.153805485942712,2156.9744584434757
1064.7974554028203,2020-06-28,0.17343948242444335,21.183482361313697,2499.7524053561096
1405.704985709749,2018-10-29,0.1742795125170449,-0.9261035249285453,1729.33301683074
1010.7361682458978,2019-04-23,0.17433714531620392,15.188379939918512,2122.0571453663047
881.933010422523,2018-06-14,0.16934184657505463,17.034848419322,2018.8086178264064
796.1249092229484,2017-10-16,0.18193584763522688,12.591140159768042,1885.8024691358025
911.636912325286,2019-08-05,0.18378678682318708,19.09077588945463,2147.317066788437
1067.5372415746247,2016-06-29,0.22575800944098878,19.0159161710558,3071.6822429906542
1099.3846153846155,2016-09-28,0.17800821206346054,12.972447552447491,1476.013986013986
724.0850891410049,2016-09-20,0.19363425477687066,12.165478119935214,1627.1227714748784
1084.8089005235602,2018-10-30,0.17916342966773433,3.641837220371156,1705.0049952403617
940.4758876020505,2017-07-03,0.3405264313699489,14.907233719384939,3168.8062464400987
923.5080011229646,2019-07-22,0.18359984217965952,20.578453116227376,2166.264022084971
887.6830641003609,2019-05-27,0.18504337950111122,10.924421811066694,2051.4672912012375
870.3296314635354,2020-09-23,0.18799431470953254,14.786383249630408,2222.1674803706587
869.5617830549406,2019-10-04,0.18787539415596194,2.608764338901159,1775.694035017106
1000.0668375755356,2019-09-08,0.18096770734175466,15.669181468594147,2044.688059879143
1128.8677301099772,2018-06-02,0.15476608367988376,20.325879322302466,2022.2334618052114
1026.9584816641648,2019-06-15,0.16900242776226343,17.71852026592401,2210.843748230752
1443.042562929062,2016-06-11,2.9607548348838004,13.883981693363756,3858.8814645308926
871.8326527244978,2018-05-23,0.16819930632808042,20.875275337212344,2049.3541088149154
1001.70448,2020-04-22,0.18838402489594688,8.186311999999868,2668.5211752000005
1002.9403774089935,2020-09-10,0.18283839543374122,13.498005888650416,2128.6455875267666
890.7119741100323,2016-07-05,2.294219069155126,16.48422330097099,3363.061488673139
803.2287621359224,2018-04-04,0.1634838877003988,2.53300970873785,1803.5299332524273
3660.9706112852664,2020-03-23,0.1609142090874628,2.9700235109718105,2404.8829663009406
670.805518500316,2019-09-30,0.18943220157241514,12.957628308642452,1886.142969879941
1221.6765155374426,2019-08-10,0.16998924838394447,19.551173991574778,2232.473750289446
919.415589502546,2016-08-04,0.16663274388476312,17.636310223267134,1822.4140227183705
893.5631924198251,2019-07-24,0.17873456824137288,25.720451895043976,2233.5796038629737
713.7533147243545,2017-10-04,4.7337419370772515,12.195865317515546,3811.454815073273
1133.9667018358302,2020-08-21,0.18034210958863384,21.39978054441484,2332.1067166068788
953.9885399352637,2017-07-20,1.9877959065300068,15.79875776397787,3100.899221415449
1423.2272957889397,2016-07-31,0.1432222889554838,19.506291222729526,2163.6529680365297
1000.080396475771,2020-08-22,0.18025752282650376,18.539339207048414,2172.407487885462
967.7849162011173,2016-06-06,0.17190108274817892,12.96075418994408,1916.0492318435754
822.729060537851,2017-09-26,1.6987794116717925,12.683177348656324,4534.117877028788
877.7878102457513,2019-08-18,0.17435690515902325,19.277350531854918,2173.8046631617563
1063.7311774870402,2020-04-07,0.17958709956098637,8.929770427055228,2534.99082448778
829.7870169621222,2017-07-13,0.8872791577455602,15.259545976279,2481.1160566254302
775.8339256671285,2019-09-17,0.18954751763637093,9.610788506716306,1884.6022329980121
1081.65088282504,2020-09-26,0.17939950562596196,15.582306738323984,2305.2495441412516
784.9919801757153,2019-07-30,0.18472274164905245,14.889078621311919,2074.8335805361567
1834.1853095487934,2020-10-27,0.1823509416511688,11.401636935991133,2102.4414837355716
872.7951807228916,2016-08-26,0.5388309994740911,17.10176419965596,3295.38339070568
685.0303720577069,2016-10-20,1.7495699814024874,6.398177676537511,4336.146545178436
1245.0946847960445,2020-04-03,0.17685751241593162,3.2384919653895037,2292.2137626699628
846.937570450013,2018-08-16,0.17420539394101756,18.920159542182432,2055.407930720541
982.6832187576724,2018-07-07,0.15623624108380024,22.793524429166304,2144.8990504542107
1199.5406690439804,2017-05-23,0.9502790136683875,13.984708779079229,3710.717439293598
970.0993799090534,2018-04-30,0.16174903681518638,7.694435717238486,1911.0701670111619
777.1251388532855,2019-08-14,0.18469429906851978,17.92257968042272,2049.7372763394005
753.3288311247027,2020-09-29,0.18908048570935895,13.392176350663053,2108.5959599048583
934.558793877738,2018-07-18,0.16512368053611975,25.80566400879371,2126.17147878288
1240.4888888888888,2017-05-07,1.9500602574324553,6.771241830065607,3392.0883986928106
890.9007092198582,2016-07-15,0.17730603122495942,15.756940222897873,1634.3282674772036
955.8732192846035,2020-08-03,0.1852152108793256,17.759502332813934,2287.3248945567657
1120.4573459715639,2016-07-22,0.34119126462153265,18.410781990521222,3507.3574249605053
697.3893606393607,2019-10-03,0.1934323615037827,4.810664335664195,1776.9484665334667
812.3133906875944,2020-08-24,0.18653119253180747,17.629710382873313,2246.4220141853284
871.9306721820062,2018-06-28,0.16644857926082593,20.245729058946523,2067.282316856257
1117.328382838284,2020-04-06,0.17617371851675523,6.969979690276497,2504.817762122366
916.5286436663893,2017-08-08,1.4990660253057628,18.651840235551962,3611.2318376752223
867.4118988785402,2020-04-27,0.19292846169203504,5.7437939555219035,2503.604351834251
1066.348624307205,2020-05-31,0.17927033407688864,15.455918448139961,2733.830924881235
950.7539361223572,2016-05-16,0.16831618138766238,11.292667566351822,1969.7219973009446
996.6499246609744,2017-05-16,0.7211027858455503,8.292787543946545,2844.0617780010043
870.0661648475724,2019-06-12,0.1845965303341956,15.48862121339834,2116.6471471584496
832.9236773633999,2017-09-18,0.6832740787601757,10.09437492256151,3269.557056126874
1095.1269604182226,2017-08-20,0.23046700761201,17.82113517550498,2962.8622639496425
1296.9198248734438,2019-06-21,0.16681102495381187,20.546189629222106,2308.032129566288
882.1856275095233,2019-06-11,0.18364423736910843,18.33380349359493,2237.8291183637048
1029.3488149389514,2017-07-21,0.1812329995296279,17.711882531321923,2411.1556938791796
953.7628166646656,2020-05-25,0.19066538161913302,16.20363789170237,2530.955976107575
722.8492111650486,2019-10-14,0.19246836215296156,5.5393810679612,1831.884353762136
785.3507797731569,2019-08-07,0.18348495558784886,17.605029143039122,2054.542861137366
912.3492937514962,2018-06-24,0.1590591506485325,15.990220253770786,1958.6801125209481
985.193893633398,2020-06-25,0.18020578641637736,25.57047978594796,2416.571747241872
1140.4296465968587,2020-10-15,0.1886617040475645,5.791590314136164,2154.118419502618
1445.9958747876728,2020-03-31,0.175315023472777,0.5060907546711949,2297.087920407668
1345.5017614494213,2016-08-21,0.15323327166761952,19.9668847508807,2347.1534977352794
893.5808255659122,2017-08-29,1.0468948378553684,16.013768308923105,2667.521615623613
1167.0124217801438,2020-05-01,0.18044598199560755,7.212552535724221,2689.5993555617815
1357.25400384369,2017-05-14,5.7822606476835645,10.212620115311143,5274.100896860987
998.6311424239722,2020-06-03,0.18677571529559428,15.578029965217443,2525.0395968964594
856.9674518971408,2020-10-04,0.182454194933697,13.18000765990036,2102.154828268297
1664.2455996725337,2016-08-20,0.14576640511154434,19.224478100696174,2401.8943921408104
848.9934623875022,2018-04-20,0.16986610149875303,8.548106639497654,1926.7637688911532
1004.2927993359618,2018-05-20,0.15249253747211294,17.055239676282525,2113.191809504046
1130.762744233877,2019-05-18,0.16365034157028932,17.76254590862613,2295.658806743058
942.8558728448276,2020-08-18,0.18684360549565568,19.466307471261835,2409.5777500897984
644.5407407407407,2016-10-19,8.632797608826506,6.486888888888837,6957.535555555555
961.7558204656373,2020-09-27,0.17762716631988348,16.940063369124356,2352.6109832786624
1034.122947466838,2019-04-18,0.17253170297584766,11.33432478232846,1988.0524168760594
836.6681396376491,2017-10-01,7.785205211385582,9.605788775961232,5273.385329209014
1422.3434569004019,2017-08-12,1.1627318398072655,20.663251451539775,3236.8802143814205
821.2218927750212,2019-09-12,0.1873357638411528,15.999322280044169,1906.1590009681713
836.4377711044377,2018-05-31,0.17178254433260595,15.12772845239763,2028.1376785118448
1040.163853411206,2020-09-11,0.18324476750028312,13.744008728580049,2118.7855728130417
1079.9152039235933,2017-08-19,0.30930834488307835,18.47168301497245,2986.0897005678885
1039.4550161812297,2017-05-04,0.9609760207479725,7.567346278317323,3237.333009708738
938.6848889949869,2017-07-04,0.6535880034560106,14.72634678125327,3021.1721970239514
1007.3598681111635,2017-09-29,0.18371674184132306,10.528261893547056,1926.4341733396138
962.6925854757487,2019-06-07,0.17717489747494952,22.84070368407053,2175.3171988470713
855.5741130487072,2018-04-16,0.1740205048649032,8.214552014431288,1936.2495009019842
1015.8494567214319,2020-08-09,0.17259431162241465,22.69550154847151,2463.755044879534
1285.5415997733496,2017-06-18,0.1644644076024767,16.9645008971565,2335.5145906129
1326.5039177277179,2020-08-29,0.17830301612509036,15.983993283893932,2303.158596613964
1006.6321580634359,2018-06-16,0.15524588065983058,18.43106252690961,2073.0912955078225
949.2769311064718,2020-06-01,0.19165830313559157,12.544728601249574,2494.416718162839
715.4782674086329,2017-10-02,4.350986523465287,9.271815310573077,3512.0379004361557
942.7747292418773,2020-09-05,0.17852954910764893,16.50848124136392,2146.919785456421
897.6133175441793,2017-08-30,1.2188463635701987,17.405046456548014,4009.7341956640553
1047.111761964987,2017-06-07,0.31023017040044276,17.579544698129965,2485.112893563203
944.0065855666331,2019-10-23,0.18728571632929922,10.259059727431808,1955.8569779566453
943.810547875064,2017-09-09,1.659059558541942,13.699667178699709,2782.6070148489503
874.2471368294154,2018-09-30,0.17825970561391583,10.956735985533188,1862.8561874623267
1311.5925682341335,2016-06-20,0.5796738212816385,16.167050312396803,3217.094048010523
941.4444187658886,2017-10-07,0.17432936639547747,8.796903166165533,1971.7180494568986
961.8190780054813,2019-05-16,0.18259494610053603,14.215077514619809,2107.5481789176583
2393.60243902439,2016-06-25,0.13105249546540965,19.117256097560936,3237.1018292682925
848.1727434775563,2019-08-11,0.17664550177449073,18.423488899694707,2058.3710638470266
1092.775738798856,2020-04-18,0.17716227540291607,7.9661264696540135,2787.461761201144
879.2956985948334,2020-06-04,0.1954166225161892,15.324740749831282,2421.5904362766155
856.9027675891964,2020-06-08,0.19395922812054886,16.08764921640611,2359.781638546182
1417.5055550770821,2019-07-06,0.1781586289588738,14.583903195244895,2129.1667961415897
804.0082909496273,2018-06-21,0.17577476164604564,13.56835504772515,1829.8830669546435
875.1050756901158,2018-04-13,0.17068122278914724,6.8050756901161185,1920.751892252894
790.5298119065011,2019-08-30,0.18393090157453498,19.126561358653138,1984.2601976807891
1019.618108346003,2020-06-11,0.18655229332901782,17.90072017283885,2502.511549171801
988.3942705256941,2020-10-10,0.17820327313750584,12.869777515258118,2263.461836975783
909.2431478968792,2020-05-04,0.1931518600111268,7.2117322478519785,2474.2022306648573
915.1379778111526,2020-06-22,0.18676871553215638,18.95375224068699,2430.1502184971655
778.2612173478316,2019-09-26,0.18702989281032414,9.666654168228497,1907.0771572303458
749.678405434394,2018-10-03,0.19275686725108612,6.4724883804076,1707.1618394708617
790.2192857142857,2017-09-14,1.3034857072722354,13.144357142856457,3979.658142857143
862.1682341810897,2019-05-24,0.1882297017893817,9.482041293339952,1883.0943107574153
861.815037033972,2019-08-02,0.18088315379023173,17.470885918809845,2102.335388339471
821.9812466026455,2017-08-28,1.7613859117743442,13.364939300599094,3000.742525819895
1208.9405863445993,2019-04-11,0.1760447300538851,1.0125158274081139,1798.8544190123698
1155.2619727776844,2017-05-24,0.4361677622982782,12.586246009074763,2414.8076793816167
964.845228728785,2020-05-22,0.1851297492951358,12.1682702034405,2556.1537214791497
944.1504878869448,2020-06-16,0.18708857714802618,21.525466857331086,2405.7766512449525
1012.6628582782773,2020-05-29,0.18649660840044352,15.25389697481421,2507.548574338086
597.7630375114364,2016-06-16,0.18109756558927545,14.320951509606529,1521.8124428179324
877.7236938925681,2016-09-08,0.1804242533911034,16.073914643119615,1753.9885945548197
1339.9665004985045,2017-06-24,0.15478275949967119,13.054915254236779,2479.477367896311
878.6122605363985,2016-06-19,0.16067376414613985,13.842758620689766,1835.783141762452
895.498197282056,2018-06-12,0.16622716093805942,17.695118794489176,1977.719037625959
1030.070758405004,2016-07-12,0.16199120707635256,18.204652071931047,1999.386630179828
1592.726455026455,2020-10-26,0.18310596897358786,10.208377425044162,2122.795061728395
1135.9927788178657,2016-06-01,0.16079725288562227,19.829606846750575,2004.376303824552
967.1465858774178,2020-06-18,0.1842495706710018,21.06171638312404,2326.9357381729205
1157.899027027027,2020-06-19,0.17331295279592068,22.53837117117265,2534.1713614414402
1152.7214285714285,2016-07-18,1.0800382552716796,18.54725563909779,3537.146240601504
1618.1115799343647,2016-08-06,0.14244960084735678,18.729817158930427,2374.5672761368965
1376.086567667904,2017-05-08,2.774507825040543,4.822460344245908,3216.846439419507
939.6758499413834,2017-06-02,1.7180715586657072,7.459683470106002,4064.7966002344665
828.1223347805113,2019-07-15,0.1849194902261046,17.455220753305213,2186.9566980221903
829.7088439880755,2020-09-14,0.1845811808202394,15.116243789334067,2188.0442093408415
859.8240591397849,2018-09-10,0.1806035408988785,17.793676075269023,1901.2280470430107
1322.7531513647643,2017-05-25,2.0240276661766075,15.199999999999951,4146.907096774194
767.3622857142857,2018-04-05,0.16721345910160262,4.513752380952407,1806.345142857143
1605.7138069705095,2016-06-26,0.14391509257634275,20.78243967828412,2547.808310991957
1377.3810814881758,2019-10-29,0.18361056804782233,-0.5625546015966187,1832.7388145805091
966.2981676846197,2016-07-11,0.16398950121633757,16.508439755691114,1811.9011660188785
1098.2067863926784,2017-07-28,0.3829420425524156,19.974184078744326,2488.2149024348128
1274.5882994546355,2017-05-28,2.34911012542649,13.797649975212547,3367.126227069906
1011.678180771445,2016-05-30,1.3169877227444846,20.724985607368744,3066.514968336212
933.5556026445161,2020-09-19,0.1798711515400867,12.958781149346766,2230.999322766571
1126.9872086720868,2018-07-14,0.15278807803638103,24.042216802170245,2149.0273176151763
1007.9023620627479,2019-04-04,0.16835239245987346,8.22700144248193,1971.3061062026684
954.5738866396761,2016-05-19,0.16579708285583597,12.432354925775961,1872.7061403508771
1296.122860020141,2020-10-03,0.17704778862692355,13.929579785773175,2224.1221578320974
1112.7780062346621,2020-06-06,0.18318995341536087,14.126391191883453,2457.7907614246865
850.361859575824,2019-05-22,0.18419629421418615,18.698781999083696,2153.681962610204
777.0472302887513,2018-08-28,0.18030790863666157,16.82964221138493,1964.7551191715527
1154.4229615133725,2017-08-26,1.4354765016496782,12.468714938030093,3941.966731898239
840.4759905057513,2018-08-10,0.16863702561660804,24.08921398575829,1975.1940834398392
1055.1542684600604,2020-10-19,0.18759214510214015,2.5081388965136804,2071.285708207521
813.8172393007836,2018-04-12,0.17308735663453712,4.923592525617756,1965.8323098251958
1185.8094665062174,2017-10-14,0.17826584269434945,7.545728038507891,1823.2655435218612
827.1660909090909,2018-08-20,0.18084476386485618,16.556372727272414,1858.3819400000002
565.1861804222649,2016-10-31,0.18692238386869459,2.170633397312863,1479.130518234165
913.6421052631579,2018-07-27,0.16244138055928248,25.171511181384435,2068.0085529704083
787.0639103079616,2018-06-20,0.17142841566803385,16.352783953827913,1932.6715076399073
800.9085820073169,2018-05-28,0.16793413377128844,17.752060651474835,2057.597374267201
1042.5782089552238,2016-06-15,0.16428248825948916,18.622626865671688,1841.6289552238807
859.992962873089,2018-05-14,0.15907726757238244,21.80683895494807,2002.6851767370383
795.6692659982671,2018-09-22,0.17454504243125923,13.848372323307755,1804.9289936873374
874.9705796961192,2020-04-28,0.19566827550204613,4.4708700280651845,2468.2668150585505
1092.9488396937504,2020-09-02,0.18687610607303792,15.646679328149729,2215.3474787821237
864.9704963747909,2020-07-06,0.18272475920131034,16.42959286112167,2247.084476296709
1344.2819374450044,2020-06-13,0.17592650141700508,18.582013438924985,2569.820947924166
923.1435384436431,2020-10-16,0.1862316887479932,4.851855298359486,2097.139739443992
779.1707830972726,2018-10-05,0.18358706890290563,10.798290998477958,1705.88142221702
990.2541966426859,2017-06-21,1.8600850013800114,13.159832134292824,4478.564840435344
785.8024286183131,2016-05-18,0.3865204771388131,12.255169018706694,3042.717755169019
878.4475988758095,2020-06-17,0.18554845233324158,21.61170217098985,2398.34620544988
848.0754669464848,2019-07-04,0.18628200605281708,14.932503672615182,2119.9839802728225
1698.8225364963503,2016-07-23,6.4407402762651635,19.73138686131394,4199.019160583942
974.8764597869996,2020-10-01,0.1861494610626319,12.960918105029947,2189.4386823356595
1220.3507795100222,2017-08-05,7.0451666425262625,17.54856161841175,5949.751113585746
1046.8317991107772,2017-08-11,1.195861980067998,18.785590832235098,3303.155927108773
1063.0115110385705,2017-07-05,0.48542935305076845,15.129645219483123,3101.0054978094668
1388.8192903495917,2019-05-01,0.1554595407321112,10.342191752145547,2197.784610110948
830.1880090238213,2019-08-13,0.1829972216175297,18.563747944786165,2115.0087320766265
1119.359910581222,2017-05-22,0.17267067080302456,15.161140089417094,2142.751397168405
1032.8096188747732,2020-07-04,0.16695984385030524,15.722758620689536,1848.5820635208715
911.3570804195804,2016-06-23,0.1705941377110988,16.58758741258757,1792.2880244755245
972.6792731781762,2020-08-05,0.1825560048971621,18.21505150706048,2332.383870183136
891.1377579038206,2020-05-19,0.19517791383392785,7.93781281870237,2464.7985926100255
907.5109105603449,2018-10-20,0.17513458841154936,7.749366918103297,1897.352684536638
869.4956863932193,2018-10-07,0.17860200121772668,6.725079461177003,1909.5553216285757
872.5832546157148,2019-09-14,0.17981251399966355,12.039690854444316,1952.411619579218
805.719059860448,2016-09-01,2.3624078917840685,17.448439221447046,3071.5108336393682
1268.8078666666668,2017-05-12,2.2372937556873964,6.788186666666926,3465.859466666667
958.7525168942215,2017-06-14,0.4794762454326375,16.924748310579517,2462.1219831747344
970.8868838229248,2018-07-16,0.15722731688776878,26.798579195020775,2123.1138617570464
782.5269177449168,2017-09-21,0.7626977910214126,13.250612292051994,2762.580984288355
1187.8874201693154,2020-10-30,0.18342537883833615,9.029927224120275,2101.2402599138572
997.8954434710487,2019-05-13,0.18578228964682877,9.922134674201098,2011.2286382250788
878.6718656268746,2017-10-08,0.1791989050767297,9.540191961607727,1800.9352129574086
1172.531621310847,2016-05-09,0.1559114587791094,18.331851284017404,2095.893445764661
999.7886089142297,2020-05-05,0.18746576747825838,12.6626693642291,2684.736742075899
859.802240512117,2017-06-08,0.18595529310937994,12.168541380887035,1935.0036579789667
791.5836061163177,2019-05-29,0.18359627979843882,13.42348773597396,2038.3922550558275
1103.3536705131353,2019-05-11,0.17899132598493278,10.40557328750284,1967.0104750797939
811.3063485300383,2019-06-27,0.18601675821195401,17.293684609193505,2056.1317208729824
911.3254668049792,2020-07-31,0.17137354681112812,19.918973029042803,2065.315093360996
916.505655479325,2018-04-29,0.16909580991659806,6.987316892267745,1893.9206378638976
1326.5982203969884,2016-07-03,0.9271761336606642,18.233607118412298,4621.39561943874
848.9009983361065,2016-05-14,0.15783078923231994,11.46131447587358,1796.5291181364394
783.0096774193548,2017-09-20,1.1322818258012135,10.385384615383895,2394.0088089330025
1004.5965574278921,2019-07-09,0.1881909704969841,13.71120128192118,2039.7895006719739
1036.5821525937872,2020-06-26,0.18050159117884523,23.590807510659886,2376.7839331106243
831.5388015212252,2018-10-19,0.1831761184728832,8.84532839962937,1838.8550375167022
815.0507385015688,2020-09-28,0.18896538184098793,14.473130787478405,2212.9611754802177
935.2242857142858,2017-08-09,0.5131709221468774,19.195397515529045,2614.0271428571427
952.2686067904332,2019-09-01,0.17552596946995289,19.15997100964078,2216.097528014719
911.4917871222076,2016-08-09,2.3419728384674294,17.278909329829542,6713.67444152431
990.1839628893307,2020-10-11,0.17814555327703904,11.807766732934834,2248.1947435387674
1173.3512277817733,2020-07-18,0.17222010977576577,21.147133463472812,2427.0188379739034
1071.0680445775442,2020-08-16,0.17225906885470024,23.470685846141254,2474.3003736069513
744.2556358065223,2017-10-23,0.18288028825901986,2.0536441234404355,1833.8518275333772
1216.646784122267,2019-10-21,0.18773703167478123,6.126416896625528,1855.9071683294417
1002.0294885578252,2020-09-12,0.1809086004181752,14.213285209645102,1971.7338335125173
1035.4095427435389,2016-08-12,0.16361542076888935,15.162193505632539,1978.487408880053
1078.4718918918918,2020-07-17,0.17236596951010505,22.70711056510967,2146.3004746928746
934.9478582271797,2017-08-10,2.903983493837479,18.90526037885669,3836.405781796581
1319.06119242537,2017-06-10,0.15546252931347218,17.122666005127588,2305.2322004465395
947.6762535272411,2020-08-06,0.18583793895547024,18.043607553724947,2306.6240492728452
1229.3253803596128,2016-07-20,2.1065845590934758,20.814626556016776,5908.462309820194
793.6579144786197,2016-06-09,0.1754011702444824,10.65461365341354,1717.7314328582145
871.759504009504,2020-09-22,0.18990584535883515,12.755405405405009,2190.3304618354623
740.0967141971481,2016-07-07,0.17288581284657353,13.870303781773211,1680.9621822690638
877.0953654188949,2018-10-13,0.1750823221530786,13.040387063916391,1931.8397848230202
891.5243421753489,2017-09-15,0.79490710794252,13.154330457014918,2296.335144348567
935.4299299731996,2017-06-26,1.8517906140821758,13.58671219849726,3396.118008126567
1299.1270963498848,2018-05-01,0.1598451459649933,6.758977310095561,1936.058477474515
799.5765944997074,2017-09-28,0.1860270899951759,10.6526155646585,1934.2820362785255
827.2884785819793,2018-08-06,0.17271562872297475,19.851467257510862,2051.826816838995
1265.236821400472,2016-07-28,0.1565016660159689,19.506333595594338,2033.1990558615264
1028.639496448414,2017-07-26,1.0263389997560681,18.5995498980231,3271.7145368872634
828.2409562357703,2018-07-06,0.1703334335092196,18.770927143942167,1943.9483942575262
967.4395787469507,2018-08-18,0.15903050831450888,20.702284762300515,2069.2003920985303
859.1320094201515,2020-09-15,0.1843076811735078,14.4432085479298,2170.9488263000453
726.9301014656145,2016-08-16,0.17464613670014126,15.045997745208464,1632.1922209695604
964.8058601854597,2019-07-19,0.17930025122285312,21.639585891523105,2165.1613820552993
1031.082967594541,2019-07-14,0.17510744983899126,16.10093789454729,2299.2037521794027
902.0857383891306,2018-07-26,0.16648260018049635,24.70776574016854,2130.4130632270667
904.6090417310664,2017-08-23,1.9609248032688584,14.996947449768207,3735.4148377125193
793.8584972742356,2018-09-26,0.19005784587287952,11.121592794500993,1727.540730030813
780.9258566081198,2018-10-08,0.1899350408340916,6.500676648431102,1773.4648243593435
1067.3970434451944,2019-04-30,0.17279942059119735,7.7554092594357575,1876.68065690655
961.7471665213601,2017-05-09,2.57865271436498,2.4592327811682893,2538.802441150828
1485.8029375764993,2016-07-02,1.4880036645598822,21.510852713178053,3856.0367197062424
833.9038363171355,2019-08-01,0.1829330490788337,16.208825496755153,2120.3913185126903
678.328453214513,2016-10-06,3.3715586398951034,6.976257161043869,3884.3513685550606
875.5857640491879,2018-08-02,0.16659986963509274,26.81209971881286,2114.950810844839
936.2853231106243,2017-10-21,0.1690944857005278,2.6666484118290423,1895.3099671412924
926.1153029560672,2017-05-11,0.285951526933805,4.3746366160379955,2522.468071206925
1105.531876790831,2016-07-21,2.8729863597651533,19.350286532950864,5943.472421203438
850.7688633093525,2018-09-07,0.1808477331320144,18.012362589927772,1971.0285473381298
1337.6275048767511,2017-07-29,1.8716135015968196,18.296426671393686,3925.047969498138
901.0765643587913,2018-07-24,0.1685866000949937,24.2166833214326,2140.2908089459916
877.3130857476182,2019-07-31,0.1816274415613868,17.671374684042863,2154.4667579233915
1091.9431743958198,2016-09-04,0.16109312519471322,15.590986283474713,2183.214239059438
915.1782345828295,2017-06-12,0.546754670562315,12.433059250302245,3730.6072551390566
763.5139544428483,2018-05-02,0.17064608700418157,7.02697516929972,1842.0643689718859
951.6475906112631,2017-07-12,0.40402449182863887,17.271800613754547,3076.848469768599
1089.642446633826,2017-09-17,0.42848246382212746,11.638273125342623,2709.435960591133
897.8344644045243,2018-10-06,0.17664609549202706,10.11651363938846,1859.649012641384
931.5977182118925,2019-08-12,0.18467795097732498,18.8558783611803,2085.933214861311
725.8100502512563,2016-09-30,0.17096364078424628,14.121507537688617,1636.2793969849247
1375.2601317957167,2017-07-30,0.19289009459309409,19.147594728170414,2929.0759472817135
1137.5869943605096,2020-09-04,0.18381435049578124,17.019724291585057,2095.2135577525587
931.7642436149313,2018-06-22,0.16437069697052442,12.027485265225641,1886.4034047151276
1148.209656084656,2017-09-10,5.600837316203517,15.173037918871707,5263.942680776014
1144.821945609525,2018-09-15,0.17475189523298726,14.541888783656855,1808.4082884589366
1053.7147696476966,2016-10-01,0.1573954622401041,12.97018970189699,1908.4383468834687
993.1704887653462,2017-05-17,1.4328968472561459,10.02674310864058,3288.913018299745
888.772465851905,2016-05-12,0.16565855373601351,11.441373112868314,1849.5017972681524
865.5782261134374,2016-09-14,0.18304951322187302,13.585306433193594,1735.70841263799
727.7962192816635,2018-07-03,0.17914913746285727,13.339149338374853,1842.6567126654068
999.9231511731512,2019-05-10,0.18877352414120951,8.717062667063509,1855.7530457380465
1173.3080346865167,2020-06-27,0.1707828577528564,24.460068298681445,2474.6116825262834
1436.5336134453783,2016-07-17,0.15060639215245186,17.00222088835532,2298.640456182473
758.2392967942089,2019-05-31,0.18159675985588672,13.339162357807906,2023.43724663909
1070.3333584678028,2020-04-25,0.18141936252705787,6.747225154576699,2777.56771150656
772.8699530516432,2020-08-31,0.19057245237247525,13.807089201878775,2161.1978881064165
870.2801199056062,2018-09-14,0.17994874672192793,15.290560622488657,1862.6899674724152
978.2804400050576,2018-07-21,0.1586894066845077,22.998830446322955,2162.5959647237314
857.5462199023405,2020-06-29,0.1875175454246093,18.98281416624395,2305.585189987091
881.0356921166978,2020-04-15,0.18672774739085662,5.803041589074856,2521.273483860956
807.2098250658998,2019-05-28,0.18747571948151864,12.575542774983724,2036.451282051282
899.029109947644,2020-10-31,0.17719652689552678,7.942115183246373,2248.0824460732983
974.8972016460905,2020-04-30,0.18629549006640067,4.48495473251046,2439.04329218107
845.5537012865933,2018-08-15,0.17584447185251229,18.626556964381905,2019.3756148610858
837.059151119774,2019-06-03,0.184231281090727,14.183006483949255,2157.8356605274676
890.436355896126,2016-09-21,0.6221665488710959,11.716985951468684,3286.8701575138357
1272.101909362779,2020-10-22,0.18893861086228875,10.474120082815865,2071.719422590292
916.0003206926963,2020-10-07,0.18763541270962436,13.325446863831164,2176.3345883107513
1310.79748552822,2017-07-15,1.269276405325693,18.86401953690322,3006.491497829233
1007.1485966500679,2018-04-14,0.15709226214117766,8.470495699411106,2130.911459936623
920.8314050226367,2020-06-24,0.183099620194904,23.365688968002107,2437.296613396278
960.724458844616,2018-07-01,0.15799923888894385,17.368068385494954,2027.9774348545432
1366.445955882353,2016-05-21,0.14631144156682027,18.592720588235398,2316.049632352941
860.7701423717845,2019-08-09,0.18348290642131918,18.77258938683058,2051.5063901472254
1073.5028208241092,2020-05-10,0.1839887123690905,10.37361279725695,2863.278868099693
806.2893449741738,2019-06-14,0.1858789384215857,14.371440325453197,1995.2984568268046
958.8007170600538,2019-08-04,0.1760378712492086,15.228574843141242,2157.5808975201667
784.529623504232,2018-04-26,0.17691915799155639,7.751045821578238,1903.9678947368423
849.3128570832812,2018-05-24,0.16829717314502413,16.01679803160948,2044.0708678426959
1247.7346727729355,2020-06-20,0.17047437853814865,19.255118924510214,2581.4434694932793
769.3823923605294,2018-09-28,0.18463430315994714,8.400770648349734,1776.8459540961637
923.2117232543242,2020-04-17,0.1857370149807127,5.852199444800364,2479.754182148196
886.1085745101564,2018-06-15,0.16845936418406285,17.767468092750416,1942.9971247528313
1305.2649885583523,2017-07-16,0.5951804669913515,19.222947368419966,2734.8718535469106
1283.2828736369468,2016-07-19,0.15293382622629548,20.394740218088756,2266.7556125721617
1100.4962627026118,2019-07-27,0.16556142529591247,26.086465944400864,2264.000770135215
977.6386233269599,2017-08-01,0.9489534424543546,19.8816307019944,2924.313712100519
985.8965606816292,2018-08-11,0.15731341110516778,20.432060473816193,2111.720471737323
959.6953363914373,2020-05-06,0.18890703593330976,13.150344036697671,2611.6459805045865
683.7397660818714,2016-10-13,0.17698257694454392,1.4467105263157813,1540.811403508772
894.4715661987339,2019-09-06,0.18629161360305738,15.508224607763703,1960.0466848334715
1016.1600808128825,2019-04-17,0.17465867491895434,8.878424148791371,1994.8150222829643
901.9051193358699,2019-05-21,0.18237131233206916,19.17610861293547,2182.048886544448
1304.2268922372016,2019-04-20,0.16206608498934255,10.514864745792288,2118.8343774781924
919.5143658023826,2016-06-27,0.17595487955065828,15.680588647512458,1664.448493342677
885.7232494279176,2019-05-14,0.1846807381791306,9.882329519452218,2068.6929208237984
760.4749483370375,2019-08-27,0.18530721792356347,19.276301321795223,2101.7927118181465
904.1290594685787,2016-08-17,2.7615076449590306,16.143736819907538,3314.3281315900463
833.059617090479,2019-06-25,0.1868504906596647,18.670294943818085,2169.0391162773503
900.9472319040285,2020-05-12,0.19339910570784566,6.835275999028083,2495.575314906379
1043.1729809896185,2017-06-19,0.6757090895223631,19.531286234325897,2987.023527032493
905.6271310724106,2017-10-20,0.1773331491714914,3.5088909257560807,1808.388267644363
925.7092925558729,2018-06-01,0.16765624663763218,17.678953117123868,1979.7226806419094
956.6938657407408,2020-09-06,0.17772747068833805,15.578452932097623,2268.0565200617284
744.9034917555771,2016-09-26,0.17190864621973054,14.569544131910611,1644.9064015518913
739.7364644487932,2017-10-24,0.18383407947133293,2.234377038486558,1777.7186344857578
852.0701186623517,2017-05-10,0.41561636493031645,2.8662711254943365,2553.3554476806903
823.782578672191,2018-10-12,0.18441532619898662,10.66846206964563,1808.544375061655
764.2614579873796,2018-10-01,0.1850729869830411,11.144295914979113,1852.469778312853
838.476383265857,2020-09-08,0.1879316626747924,13.99884771099304,2057.68687324821
565.3765472312704,2016-10-11,0.17988857172900766,5.433941368078149,1512.9947882736155
927.986041101202,2017-08-02,0.7538841676871858,18.81412369135201,2837.2399185730906
1724.170278637771,2016-05-07,0.13169550942714042,15.203908668731037,2423.9175696594425
889.9767509276438,2019-07-05,0.18525429201207388,14.02436804267382,1988.2546376391463
910.3146556940578,2020-07-07,0.1863152552676545,14.961291298560285,2257.3747609826937
1098.6198486122792,2016-10-02,0.43711178573309145,10.924053826745059,5213.82338099243
1320.460162601626,2016-06-12,0.14852064086370767,14.974512195121733,2159.5479674796748
1105.2571428571428,2016-05-03,0.13886653821875614,13.603257142856918,1998.4062857142858
797.5497728847487,2018-07-02,0.17490449201411934,13.555115867270159,1828.0594872584497
878.8881213598808,2020-09-24,0.18548947115662576,17.210409047813084,2229.451758092916
946.2535722386028,2018-04-08,0.16043810313883342,4.921909730097617,2092.982234066682
929.8155455508474,2019-04-28,0.17274492726864027,6.908693061440956,2100.511345338984
949.1080669007578,2020-06-02,0.18915782557494631,13.908824616522907,2513.772963869895
922.4659941681772,2018-07-20,0.17256477466630896,21.88585388919508,1977.3336488296948
527.5158850226929,2016-10-27,7.950598690864434,7.3915279878971365,6962.90015128593
903.2838857142857,2019-04-01,0.16118649981853286,5.580571428571333,2036.3696022857143
1001.5040515409139,2019-06-01,0.1765376620103542,13.805233793836132,2109.4745835547287
853.1196858922285,2019-07-23,0.18088246268425115,23.352783257892668,2259.445168078605
708.5598224953063,2017-10-18,0.181574336136501,8.594060419867455,1836.451954258406
2191.69173553719,2016-05-05,0.13204168267579391,17.318925619834665,2835.7185950413223
1220.618827290317,2019-04-21,0.16265800828573065,7.29430470261668,2232.103895011357
1059.5631572198,2017-06-15,2.036161523230646,16.643806104127112,3877.181007950757
755.7020986644862,2018-10-02,0.18915803113411553,8.811847006448893,1805.6444371763423
887.3667608286253,2016-06-08,3.633971339433371,13.407109227871882,3499.758945386064
884.7688821752266,2016-09-02,0.5239246938857182,16.673489425982027,4544.932779456193
1073.0725960517937,2019-08-17,0.17194445838661657,19.357901719376944,2185.9365845892594
911.7822120866591,2020-05-13,0.19532873119258365,5.261012191912735,2449.968072976055
687.5729224607854,2018-09-17,0.18569038085357814,14.032317276670446,1849.3377828457003
997.0492738918131,2020-08-23,0.17921111125834707,20.315105586908018,2470.676454435919
1053.0156539459058,2019-07-28,0.16502664413499896,26.254886068913134,2228.8180821600595
978.153269431527,2017-07-18,0.1720532531673273,16.571718705513835,2168.8311663661384
883.6917082294265,2016-06-07,0.16950517896232822,15.242019950124963,1840.9027431421446
1040.9661266568482,2016-10-09,0.1731410283080231,6.616494845360815,1736.3122238586157
1116.790081042988,2019-04-12,0.17400564448984257,2.8448379140237843,1845.0158562367865
1379.4126822157434,2019-10-30,0.18110320617344636,-0.3627259475219041,1857.6521865889213
883.419932963951,2017-08-15,1.3235473164792382,17.43611738149104,2926.0636842465283
871.704786701382,2017-09-04,0.6138756657532248,13.22444422191099,3408.7686761466052
844.5497331392528,2016-06-17,0.16835125792728636,16.769529354682305,1742.464822901504
1191.0125090909091,2020-08-15,0.17521023794593443,20.697551515151535,2456.1896247272725
783.3049608355092,2018-09-11,0.18448476552828785,16.664838990425856,1818.3223959965185
885.8155015761172,2018-04-27,0.17435736758783316,6.338346004078912,1861.6732189875768
671.7990092002831,2016-10-18,0.1819160405125296,6.32986553432413,1520.9058740268931
562.9158878504672,2016-10-26,0.1850140296156579,1.1995327102803908,1443.1934579439253
761.588905775076,2016-09-06,0.18468515078373265,14.591793313069815,1697.5585106382978
1167.1557659565633,2019-04-27,0.16085538485632314,15.784332046011198,2212.11469664881
1003.988382777632,2017-06-29,0.9339619246784283,17.8262864268834,3676.5457469152007
1217.7869146123005,2020-09-13,0.17571115832581574,14.757280559584345,2340.611277829907
800.862885462555,2016-10-03,3.0018638287927923,9.143337004405462,3706.680616740088
1067.2352659319597,2016-07-04,0.16787471666170342,14.778533780546239,2017.616195495927
992.2038110095832,2017-06-01,2.2649273452580014,7.723445509248098,4046.7812569645644
1043.6694526826639,2018-05-04,0.16601237088902493,8.580088972769373,1842.522197357778
857.747831405694,2020-07-30,0.1851555247477923,16.746013122774148,2326.582647353203
1076.8089248517865,2020-06-21,0.17899012165466202,17.965862842489795,2539.0299647492393
815.5874424538243,2019-07-02,0.19144404101974555,16.575872205887354,2048.429235675856
1167.1147918104439,2018-04-07,0.15563171880344223,4.562548884288,2016.8113664596274
889.7986350524168,2017-08-16,0.2086347169007591,18.554527545205314,2327.278829240836
717.8900537634408,2017-10-12,0.18905265400815877,5.943575268817053,1846.774193548387
961.9277899343545,2016-09-24,0.16807367374060175,10.366229029905341,1808.3574033552152
845.2389334713953,2018-06-29,0.17148674587721355,14.672171887134523,1790.3750110018125
1017.8419037199125,2016-05-31,0.15873102639117226,20.754294310723115,1981.8025164113785
918.7504001829408,2017-08-04,0.16773473486224258,17.85947861879551,2016.1870569403156
1036.0971943887776,2016-06-30,0.16919035901073085,19.2079158316633,1991.7317969271878
762.8760626915737,2018-06-19,0.17432812229876668,15.45143138048705,1860.8226632352091
816.6889895395234,2020-08-25,0.18787759695752104,16.835220532728606,2275.645369351882
774.0429589852791,2019-10-07,0.1895544050479402,4.959161188779538,1853.056075363393
1110.2117903033786,2020-06-12,0.18392640119073445,19.642850691736875,2472.9574838868593
746.9283166298624,2020-10-21,0.18836490026902147,7.079548156956089,2065.654549006285
1739.210313447927,2016-07-16,0.369359035332122,18.37305358948419,4376.215874620829
854.9617220022337,2019-09-22,0.1821350672357774,8.241943344502422,2046.9230723931366
955.3010303265941,2017-09-11,1.5475171571646902,14.866038102645335,3033.576302488336
945.1437226523057,2016-05-26,0.7597930564636266,14.224099629754319,5502.710198586335
729.5997765100276,2019-09-05,0.19070773951009787,17.3433688172679,1932.3418414397463
777.5710399797571,2019-09-16,0.19144559803308167,11.311082995951812,1907.4765726214573
775.3724198938471,2018-10-17,0.18618591826405095,10.81985453115803,1862.8021741694515
769.3953595372683,2019-09-20,0.1889785657062487,8.515275404232979,1847.9696989614833
731.7867753966749,2019-09-19,0.19190537328106796,8.274726594601056,1872.4239831847776
754.4185560110433,2019-10-10,0.19238497567423593,7.591993641763896,1880.0415820296166
1441.8664,2019-10-26,0.18677061435042153,7.847146666666514,1845.6493306666666
1723.0329465395773,2020-03-27,0.1707916798540311,5.235951098218184,2446.6223228346457
887.438726230003,2018-10-26,0.18505300883176273,2.49761545427106,1735.8286054935104
1055.5586765596609,2018-08-25,0.16558457679366578,16.751256814053644,2039.1328990006054
1521.8413793103448,2020-03-25,0.16762482183482014,5.6144000000000425,2422.7752662068965
801.1982198486871,2019-09-04,0.18567560031847472,17.2141611036943,1984.512402759235
891.53632,2017-06-05,3.234076718353915,10.432735999999865,4901.27232
1314.0663122803855,2019-04-06,0.1558255898831663,8.297801603748011,2077.8769862149743
784.2240827157106,2018-06-18,0.16910943730609324,17.74106963125648,1949.1528648549731
840.2821619500711,2018-08-22,0.17715131882136173,16.45543675511065,2004.234946785031
866.3777385159011,2018-08-09,0.169757456477647,24.67279544561292,2082.222379662348
938.5671265141319,2018-04-22,0.17042433896721756,4.204660161507352,1950.4364115074022
802.0253210509597,2019-09-10,0.1840027066104198,19.70413531986278,2055.8393302173613
946.8382130346408,2020-08-19,0.18592302381852505,19.876815292134776,2381.955613890931
782.4173547157828,2019-08-22,0.18535627634525037,18.306287567569594,2065.4853255001585
741.5633383010432,2016-09-13,6.099423524214808,15.960767511177462,5817.0193740685545
1133.8590090510404,2019-07-20,0.16956881260525952,21.379205934497616,2284.643168797238
897.4801587301587,2016-06-18,0.17154178382925353,14.04960317460316,1530.361111111111
1684.0198700092851,2020-10-25,0.17864132103194583,6.612014856081478,2259.7358718662954
1105.9900313620071,2017-06-03,0.1895136006816924,12.704861111112233,2599.5304659498206
1621.539884932359,2020-03-29,0.16372122428237237,1.7696936712799594,2752.856840304773
854.4213148551139,2020-07-08,0.189175753521465,14.783358149124606,2249.2378885580115
1032.6561454623934,2020-07-20,0.183144993487515,21.670831984459358,2349.3716779971946
1549.372689551113,2016-05-06,6.892492185821225,16.145718596755604,5179.390041493776
910.9058036425423,2020-08-13,0.18726011749963792,15.735878511125923,2320.2043922901285
845.7302319780493,2020-04-29,0.1939658442646556,3.203429782988349,2371.266192317286
793.912852969815,2018-07-09,0.16880404682980196,19.0051065671302,2031.4896673158062
1194.4503708936772,2016-07-06,0.37068186803657815,18.59689155775304,3319.7827622748146
673.5790726992576,2018-09-18,0.18452067397122487,14.047044403978749,1861.662954895643
1063.1504376367616,2016-06-05,2.482020280120944,11.821608315098665,4004.7445295404814
1124.8188034188033,2017-08-06,0.44117746360611926,16.63495726495771,2688.000284900285
992.3765092367422,2018-05-26,0.15190684117369652,18.93888817782406,2078.1583258671444
869.2527338129496,2020-05-14,0.1929128595161468,7.600553956834962,2502.5132374100713
1302.4224483169173,2019-06-08,0.16575311866477163,23.521145867149148,2304.3208980048344
864.2815557830093,2019-05-23,0.18826551244166717,12.142157625380232,2040.2632966223136
838.1915540270335,2019-09-07,0.1782890082071797,15.227009517717486,1993.4628225225945
1061.13465379494,2018-07-15,0.15302907347711825,26.144030181981798,2203.878180758988
1045.6964393482197,2016-06-21,2.052636256639325,18.134369342184748,4195.381110440555
1019.3753048945742,2020-09-01,0.18650565465927957,15.661211989806787,2281.2870074258767
817.2740157480315,2016-05-02,0.12420272099354149,13.641732283464616,1791.2692913385827
892.3967408014759,2019-10-15,0.18774527710191719,5.46619862662749,1904.5436455877832
1149.5406190777005,2020-07-12,0.17781169298958038,16.73093493366806,2531.529269109286
910.2781907784831,2019-07-17,0.18190819806389094,19.328345305714464,2207.7298137320413
818.3757045898999,2019-08-29,0.18481013925635628,20.46533609417803,2106.785652824112
1431.9535058117735,2020-04-02,0.17688516977049898,5.015973003374408,2375.305275590551
831.0930882511018,2019-09-29,0.18210927789654557,13.05462753950316,2020.09308717618
871.873593876841,2020-07-22,0.18789127937634273,16.967760640150317,2283.9934657311833
1069.1431540659912,2016-06-03,1.4579936115543333,21.757833203429932,2880.0080540400104
911.699611072981,2017-10-15,0.1728325538864693,9.419034545870588,2038.0318005033173
921.7980546202768,2019-05-17,0.17901651145123917,16.01062102506358,2148.45419640853
978.958120266684,2018-05-05,0.15145474797765407,10.994983494078207,1977.76024402874
948.4646716965742,2020-07-16,0.1835875358119891,21.684793026098376,2395.0422451060363
941.8218572331017,2019-10-18,0.19094831170364826,8.509349336701987,1843.6558420720153
816.1578947368421,2016-09-16,0.192566402324983,12.436755110917806,1692.3057851239669
1644.9636757693975,2017-05-20,0.2547744148992976,16.757520589509827,3254.4515821413092
989.2131072410632,2018-05-13,0.15003967011812405,20.965816911088417,2142.50498395967
1290.0298842257598,2019-04-15,0.17577511888559383,6.784428364689975,1995.2097199710563
1044.4468895471857,2017-08-17,0.7175040118610115,19.572732402313193,2586.3675412611087
967.3508013228186,2018-09-29,0.1776390578310464,7.876227423047381,1835.5908585601628
910.021304858734,2018-06-08,0.1715427725115091,12.495953609562125,1995.2539207070963
876.2340049771213,2017-08-21,1.6303923928714277,16.95547884723556,2930.439752749458
971.7600321027287,2016-09-25,0.5840640763793097,13.611075441412492,4703.204654895666
924.2231945059814,2019-10-16,0.19052672139083665,6.647596366858472,1834.8105150642446
900.6163502598138,2019-05-07,0.18478538652499882,7.5464629315222815,2003.7672305396925
834.9959648303105,2018-08-01,0.16843687345018374,24.70251879539254,2117.8735500998173
759.6747203579419,2016-08-30,0.1814471147720535,14.802058165547916,1658.9758389261744
796.5780925901407,2019-07-03,0.18734882729076252,16.40338938170115,2084.170689792136
725.3812654067378,2017-10-11,0.18540204106538624,7.434757600657722,1827.185291700904
886.823673870334,2020-07-29,0.187372772936461,17.794779680044048,2297.1294562166718
795.8141217172512,2017-10-06,0.18458720850030133,8.736876867431937,1875.7139487340776
1166.994210357028,2016-07-25,0.2401693346883351,20.633193953039502,3339.120617561917
899.6892126551184,2020-08-20,0.17584736514554308,20.652886366523813,2220.039571386218
822.4847493505243,2018-08-13,0.17394047747274433,18.137967862985498,2027.2505373809295
815.670534150613,2020-06-30,0.19173002415217003,16.305461908934085,2203.07340849387
1076.7723614979882,2017-09-24,0.2356073369846972,13.732172701949654,2744.8214175177964
1396.5718894009217,2016-05-28,0.8743739707505181,13.60129032258075,3794.099539170507
973.5108899541476,2020-07-02,0.18873516850634092,16.812645894121268,2322.4922519799907
878.7931164494237,2018-06-06,0.17530673857770315,11.017251965961618,1876.7743364214155
864.1981200289226,2017-09-22,0.2892080304377444,12.169949385393934,2362.1058568329718
847.6779315367808,2018-10-23,0.18669316598918725,7.382898761835406,1716.623695557174
1342.5714415149043,2017-06-11,1.2785365790591696,17.388774123403195,4290.704901694301
870.574474773406,2020-08-12,0.18717604617249153,16.49877927384867,2308.4269062712847
1150.1259602036093,2017-07-23,0.7788688610379061,18.214567329939115,3012.685515964831
985.2646475333951,2019-05-26,0.18208148564323184,9.470850416611865,1925.1819415421242
803.4467213114754,2017-09-12,2.5639925094539557,15.817149077869749,3356.943263319672
1015.3494027917686,2018-04-15,0.16271298308423546,6.656151964311358,2083.148798388257
861.9084057364179,2017-06-13,0.8761169323936551,13.368522977075141,2985.8712446351933
966.889405204461,2016-08-23,0.16989403312010182,17.423048327137213,1878.675960346964
839.0554473847243,2018-06-11,0.16839619985740098,19.154318966274555,2006.8436591733785
855.0726756769756,2018-07-11,0.16792539481938,19.543278341591574,2058.840716175268
693.1520184165091,2019-10-01,0.19130877630461887,7.649272383457536,1872.1050735838203
777.5642906257162,2017-10-25,0.18426424667521576,2.7763007105202466,1745.5395370158149
944.876205385097,2020-06-05,0.18941816948158607,14.829693174702836,2368.28768503444
1008.4456873712099,2017-09-23,0.6840036960661818,13.589181630851584,3170.226229025611
1213.4992677406472,2020-10-23,0.1820269983318309,8.010411396618322,2057.4830675009985
1037.9956967539713,2019-04-26,0.17743001646108583,12.285193646070999,2049.815668065664
970.6205778949682,2020-07-14,0.18333741330742506,16.88494836299735,2352.4403620083503
954.3498869159329,2020-07-03,0.18401011135233478,17.358678600643184,2363.536178239738
932.736840116389,2018-05-29,0.1654635833732765,21.68469561274929,2087.0953535124513
1017.439345368652,2020-04-16,0.18582892901649356,5.003796186941151,2473.2838417411845
1062.7807502180867,2016-06-14,0.16420599487772822,16.316632742076212,1936.4315207909276
1000.8137668344443,2017-09-03,0.9001189803631796,13.82916609985083,2588.120391783431
937.953293830603,2016-06-02,0.3514899928271803,19.940083652840443,3163.8065528058555
997.6341339525434,2020-07-13,0.1890487792104852,15.218989913650091,2319.5598062549893
1125.459318336254,2019-07-25,0.17796944327348183,21.667494009506537,2222.0865366045564
1410.1007845503923,2016-05-29,7.991629487518617,15.59233554616769,4447.943270971636
985.7722341673182,2018-07-13,0.16308036098124357,23.115065480847353,2073.937955922596
944.8544439163499,2017-07-17,0.8176054992512187,16.271447243346067,3412.4819391634983
1236.6532507739937,2016-07-26,0.17859469351729113,21.56393188854421,3295.6879256965944
753.5578421284728,2019-09-15,0.18575879924581612,11.459591356755189,1906.2365618109657
1127.0471027372912,2017-06-23,2.169724427501964,12.263490934945029,4905.12673302524
586.6819699499165,2016-10-21,0.18531499848738986,3.941402337228749,1505.4933222036727
1509.841977869986,2017-06-09,0.9330246491447605,14.459854771783348,4020.5457123098204
727.5484117038086,2019-08-19,0.18616751910579363,18.203427232604312,2078.1074293031106
956.8160248564166,2017-07-24,0.4500306528114989,16.676094529705644,2484.2128801431127
1042.6087244469954,2019-05-19,0.16937696869936744,18.303867720428915,2328.0710110821674
789.0982897177004,2018-07-04,0.17031752672578512,16.944348856373992,2007.1588017720997
822.11838790932,2016-10-15,0.17358050644343087,5.317254408060422,1675.727959697733
890.914609929078,2018-04-10,0.1719022903986634,5.261333333333182,1980.726760283688
1007.3208025830259,2020-04-23,0.1882120846777342,10.376645141450835,2606.644602552275
1069.2742816433151,2020-06-10,0.18759883185650295,20.037536610463786,2545.005000395789
1425.9651353052234,2019-05-04,0.1802891490050095,2.988860918816878,1916.6499672750158
754.7837053417179,2018-09-21,0.17960610983528957,16.910842374404343,1832.465023149748
1098.8437861271677,2019-10-06,0.18252289970630287,4.793641618497019,1935.2608858381502
1035.3423069098799,2017-07-27,1.5162375951920775,19.69958635654542,3715.470672001085
1160.3103310197544,2019-10-05,0.18142401803377328,3.5469701014413992,1846.347126268019
803.5404131118096,2019-09-21,0.18504875061861278,9.348001796137334,1904.6003221823082
954.754117999401,2019-04-02,0.16969154856216143,4.4634022162324305,2002.989418987721
670.3846764589123,2017-10-10,0.19092323114979165,8.396268360460548,1785.4243747518856
975.8504736707348,2018-09-09,0.16889324568391306,18.06609200307071,2072.641715456175
1133.2522651627219,2019-04-25,0.17658877415030166,14.970049001484066,2026.7957817122785
715.7574921135647,2017-10-03,0.19089374042076168,8.634739747634192,1830.502760252366
1049.7207383726925,2020-04-08,0.17856050685406144,7.6066206043104145,2521.0727358977006
924.8756923076924,2017-09-01,1.6383055884562856,15.636720879121627,3254.270857142857
795.8045630650022,2016-09-22,0.18705555813463928,11.199268187688107,1622.4709427464486
924.6069694185588,2020-05-20,0.19186951149486936,10.104252526577728,2512.8133173644833
1022.1959842863379,2019-10-22,0.18644564126678795,10.479419467481183,1870.1250174596241
1146.8281573498964,2016-07-29,0.1521771724506456,20.346135265700617,2079.177708764665
880.1329259404608,2019-07-08,0.18602769768159794,16.784689129335206,2102.262937153109
1037.6960889365123,2020-10-17,0.18231184245616203,8.190490222340523,2203.98656308599
1102.1486773077352,2020-10-12,0.18600591143594702,11.399709789038448,2105.25225694832
1005.345136408345,2020-07-21,0.18374892116585378,19.728637987266158,2349.5657363979913
629.1817589576548,2016-09-29,0.17675954688256748,13.048338762214913,1525.6677524429967
898.8435259168203,2019-04-29,0.18153594163101147,6.932985044048779,1989.008707744315
1018.9855013687519,2018-05-09,0.1637717442090528,12.679570110516693,1908.3619426138096
964.7040878584503,2019-08-23,0.18370663225773484,17.15528523490097,1953.2763621110437
822.8645233681335,2019-07-12,0.1836762445799439,16.581285979119553,2091.8655000487856
1518.3912920018931,2017-05-21,0.7398580233012317,15.246824420254026,3430.89957406531
810.8977975561925,2020-07-28,0.18743761980861082,17.72529793332286,2212.5051531151003
1053.770211299954,2020-10-09,0.1876872444247317,12.347519522279248,2051.137154340836
939.6741391941392,2019-10-17,0.19041399445267274,5.245362637362409,1838.8181201465202
1338.249531989869,2020-04-04,0.16617180876994214,5.197114855192591,2725.435782402819
1098.7684144818977,2018-05-12,0.14755231052742773,18.282506242199517,2052.315369330004
833.548353909465,2018-09-05,0.1816845822901369,16.62240512117206,1962.6470627572019
782.3758155719878,2018-10-10,0.18377313553203997,13.368020878644154,1908.41281861679
715.6383427401848,2019-09-18,0.1907736133262465,9.482813372199955,1887.5483483222727
919.6185381556523,2020-04-24,0.191962868816102,8.03667865934586,2497.115067222117
1100.1295231653703,2016-08-24,0.7307878177271753,15.802333446060551,2980.2411227595535
1002.281959798995,2018-06-17,0.15437833713597837,19.27104020100646,2093.7468
1082.5454326923077,2017-08-25,0.8081919709925203,11.998209134614658,2331.6086538461536
1157.3243027888445,2019-04-13,0.1671613152931486,5.283278315310551,1953.242232214001
1027.5240129640542,2017-07-10,1.5640648715839265,19.05368296994698,3048.1672068355924
1172.982053582874,2017-05-15,2.2907735525981736,10.702871426740506,4437.15728752724
749.0419464720195,2019-06-13,0.18752687696267958,14.434102189778018,1984.8001445255466
1032.5131644865016,2019-07-13,0.17462252286307214,17.837767881995298,2277.2275708321736
926.188913525499,2018-04-21,0.15951893429790215,10.874678492238779,1973.0268658536584
722.6535534631755,2019-09-11,0.1895351899004551,16.483445118016427,1889.8674700116085
1065.0815020862308,2016-05-24,4.002566600743364,19.402586926286716,3024.8803894297635
1091.4199243379571,2016-07-01,0.15835254538381444,19.360340479192953,1959.7821563682219
951.9251591289782,2018-06-30,0.1601487551316001,15.454432160806444,1962.2960355108878
1369.1916932907347,2016-08-13,0.15115572477192993,15.100319488817671,1930.367412140575
1159.1019481547964,2020-06-07,0.18117789547100446,15.735964310225745,2687.0456148038643
1040.0694630872483,2016-05-13,0.15668940347825996,13.368288590604305,1928.148322147651
980.9147225255634,2020-10-14,0.1895561876175123,8.011585426388322,2147.3202620867664
741.335623389804,2018-09-24,0.18754871593704636,9.327800765087856,1829.4564509329377
1001.2686803015938,2020-08-17,0.18544729340872623,20.222827215678354,2407.25396270712
859.9614654794921,2020-05-18,0.19344391719999304,9.01693183476771,2504.9892227412056
1392.4319647098744,2016-07-14,2.114439380799198,18.710485239226323,4506.035968781812
886.0143618596387,2018-05-15,0.1588066847232388,23.582051376961704,2037.806410645543
1020.7163692189599,2017-09-16,0.17043183084296315,13.18395701400923,2035.1654193053157
689.027757487217,2016-10-17,0.1922764904117414,6.905259313367427,1644.4842951059168
751.2547308662741,2018-04-24,0.17726785420460897,6.038603868797238,1853.7351082842722
988.3919432837222,2018-06-03,0.1505981275012844,22.36268369406551,2109.1469876520023
751.3182656826568,2016-09-19,0.21087857126704906,11.684547970479658,3345.433118081181
685.4249935672013,2018-09-27,0.18728350764634089,10.339660348228843,1799.7514366583755
909.0725214198286,2016-05-23,0.16523910162834568,17.976254589963293,1912.3586291309668
956.0216008640346,2018-10-14,0.16858595958623235,13.630073202928767,2064.0523220928835
1114.2911882422413,2020-04-21,0.18154892354279564,13.20429761826533,2702.929094547602
1464.0286871414107,2017-05-27,2.403092388195307,9.710743615705079,5063.150748115649
986.3281380189188,2019-05-08,0.18344209219458715,8.314091065038404,1983.1144934568445
1395.9897033158813,2019-04-05,0.1679507474608822,7.772748691098718,1941.183246073298
836.3733046114569,2018-09-25,0.1856603262045494,9.085335886388208,1828.733950853678
1001.5870541853856,2018-09-16,0.16822673017228193,14.574025854953339,2058.8617401668653
1036.9854735030622,2018-05-11,0.15837561786427526,15.98904185857945,1940.987565419851
857.2385406922357,2019-07-16,0.18810414375382345,15.936362421488042,2016.0869537618607
889.3813059505003,2018-07-10,0.17141713985480667,17.790753027912725,2016.5959104791998
1282.0388141809292,2020-08-02,0.1793474423729815,17.415976466992923,2358.349073196822
867.0506928016222,2016-06-13,0.16761969424679804,15.972997634335982,1874.7840486650896
888.129522528581,2020-09-07,0.18357670942985937,15.511351714861577,2185.2514472091466
982.6760521984481,2018-08-05,0.15777790280911463,21.91451916294658,2150.7272325417357
1151.9870023118417,2019-05-06,0.18156493136258767,7.797061392241368,2047.3574960184942
686.2656147271532,2019-09-24,0.1916638927989723,7.473224852072086,1827.1640376397108
1020.7120521172639,2016-05-10,2.0522023590706904,18.03058631921863,3206.671335504886
670.0582341891046,2016-10-07,0.17460125583356456,7.199436443331205,1515.2442078897934
949.2169395017794,2019-10-31,0.18627642296344385,5.188540925267153,1851.1170120996442
747.9899653979239,2017-10-19,0.1805742097411804,5.864325259515721,1861.738062283737
889.7181779928467,2017-07-19,1.0627894584251203,14.782148116979547,2827.6481169787503
957.2556142077481,2018-08-07,0.17309599336162088,20.441679341508017,2087.314157645164
966.0206318995051,2020-05-15,0.18926804684745424,7.145839360487066,2431.8890749904836
1411.7833739000187,2019-10-20,0.18155784659965357,10.282999438307519,1978.5400992323534
1275.123086734694,2016-09-11,0.2505361818872296,16.456441326530655,4513.002551020408
859.6207897060679,2018-04-11,0.17183772282099727,3.8906143559985944,1964.2983877885708
1358.108138238573,2016-05-15,0.15035282740003067,14.715161649944173,2281.491081382386
1089.2670206819453,2020-08-01,0.175098917110016,18.000016769144,2346.559231973169
757.2293260038241,2018-08-30,0.18329778359896307,15.62808914914229,1894.474069072658
1007.9267685538961,2020-07-26,0.1742858792584498,18.75232719694402,2413.745397707537
1026.5030307961433,2019-06-16,0.16847495390824324,19.835730849032775,2332.5744672714695
840.386634128027,2019-08-08,0.1831691403199038,18.33022339027578,2126.3328815468367
1501.3692838654013,2016-08-07,0.14410351411468225,18.940465918895523,2227.1156169111305
988.5168849897849,2017-05-18,0.7279839120549964,10.983042903497592,2456.435885109963
1398.5378096479792,2016-07-10,2.768693528313025,16.902086049543616,4628.365710560626
764.5072393432015,2018-05-03,0.1704299251515848,8.392275337701317,1794.818624929224
1186.9626950894556,2016-07-13,0.4833073199912952,18.302017510468314,4852.881233346022
803.3606472714753,2017-10-13,0.18117810149152824,7.938113272508164,1857.3189877775865
1054.0574652518308,2019-05-12,0.17557884637652782,10.165035121804827,2189.351741892094
1120.6107276910038,2020-05-02,0.185200464672275,10.092783629980087,2682.9756229567747
761.72385362548,2018-10-22,0.1863525780468447,9.715055342219236,1815.1428337474588
695.2236727589208,2019-10-02,0.19035549627679882,7.407563889547243,1867.6338571089482
942.6547723505898,2020-04-20,0.18668287316957155,10.507750804328655,2572.973774982939
895.0067078364566,2017-06-22,1.263259923867955,12.876075383303839,3596.8475298126064
1379.1301951779565,2018-10-27,0.17867048560013532,1.8891389207807425,1701.6637588978185
951.0876712328767,2016-10-16,0.19427337592524552,6.22082191780823,1955.8739726027397
1125.8234202181143,2020-05-03,0.18292619292326362,8.919405986541344,2873.8154528579166
1122.1551956815115,2016-09-18,0.16289028774465353,12.535829959514226,2037.9325236167342
592.3186813186813,2016-08-29,0.18863983938918172,14.14042386185262,1529.5816326530612
912.6865542585386,2019-09-28,0.18075260272258334,12.381841763941763,2023.0841902291393
771.8581786542924,2018-07-05,0.17419921447673772,17.55621374710004,1894.1897955336424
935.443161944736,2020-08-07,0.1809198789754892,19.586633688102324,2330.9282466396844
820.4428523121143,2019-08-26,0.18419082501083595,20.0795544847374,2077.181587623637
743.1371421580621,2018-09-19,0.18013831320951107,15.990396378760616,1898.9674571813061
1319.6655637566812,2017-05-06,0.7653951553750963,13.081967421736197,3701.641384576228
930.7240078392945,2020-05-27,0.18865748282846043,15.939206271432218,2556.5733135717783
920.7133188300701,2019-10-25,0.18995721979403013,10.817113850617082,1832.9686959149142
1453.465273690406,2017-07-08,2.941068499276948,17.30519913674519,4122.520698450068
884.8990099654791,2019-06-18,0.18212513611094386,19.123190907307546,2196.3318892073207
1225.1337725580063,2016-08-03,0.16293533499453572,18.952735605843664,2129.142938985964
790.3314472735342,2019-09-09,0.18702893282689642,17.21848338602791,2002.4740849836355
903.5077250512376,2018-04-19,0.16879368643494397,12.981226180612685,2008.9236441746814
947.4889855238313,2019-08-25,0.17231227889911985,17.758923156143656,2197.6380957830293
1028.1238938053098,2016-08-10,0.24864051054756253,16.422713864305884,3112.330055719436
793.2644286042769,2018-06-26,0.17296194891575803,18.263830765688976,2018.4577153368596
766.9948151487827,2019-10-11,0.19154710605902403,10.545096934173891,1802.7681841749325
897.8328230920621,2017-09-08,1.9706139410945904,11.4572928055977,3491.277498359939
1576.3422546634226,2016-07-24,0.14395416534653815,21.28698296836971,2535.6281427412814
926.98700123406,2018-09-02,0.17090011325323942,17.93350061702937,2130.339065405183
1551.7332657200811,2016-10-08,0.16478810716929698,8.679513184584158,1948.971602434077
930.625989651518,2019-06-06,0.17791331186318862,23.298335515236097,2237.6122433140076
786.7191207257501,2018-10-09,0.185161841385794,11.695266341009313,1768.533107699465
853.2217797308432,2018-04-09,0.1674576531410393,7.916053282064544,2013.8246827794562
935.1592391304348,2017-08-27,0.19120839267889364,12.59442934782632,2607.288179347826
1052.3507566069907,2018-05-07,0.16298988759053532,13.112654518329846,1945.0070859974421
803.3230155306298,2018-08-31,0.1794448172780871,16.96596742881962,1934.0379820966352
752.3370754173862,2018-04-06,0.16712145920865273,2.888457109959652,1817.038667242372
872.9711311388501,2020-08-10,0.1850565630475197,20.539640464600776,2365.6565150127726
843.1901767505099,2019-08-16,0.18337145518507686,17.952511046906668,2047.430799201223
789.8582550727458,2018-06-04,0.17124970140732856,16.49121210646444,1939.618105201693
813.9279676067343,2019-09-23,0.18935802919580286,7.0335369752090795,1869.484360304042
1416.3177133535999,2017-06-17,1.741410725353304,20.640713279453834,4257.830874175132
823.7583273469696,2019-06-24,0.18434002023296475,20.99864267079967,2186.7066569624567
846.8599516031458,2020-06-09,0.19158053087256174,16.87044767090118,2475.172666364186
764.7923400487049,2018-04-25,0.17888235388570214,6.271751162276086,1898.7531171131282
992.0665307162885,2017-06-27,1.4164842172692476,14.929254821989014,2746.1430877729626
962.9325347758887,2017-08-18,1.443482348114001,18.45465224111119,2895.9498454404948
1323.0848894612577,2020-04-05,0.1659752409508445,6.162363168061771,2785.3300053659586
545.3690095846646,2016-10-28,0.2230219487664808,8.678753993610227,1535.7188498402556
740.9609851536426,2018-10-25,0.18543960875703683,4.036977788008096,1776.5553377834044
778.5521488469602,2019-08-15,0.18203337828898417,17.98395103324944,2059.2283232255168
1041.154227433038,2017-09-06,0.7590821368380825,11.818949575828016,2972.651224859403
1062.8406191772967,2019-05-03,0.18354128843113057,2.8130643543071825,1799.370646409632
718.832271762208,2017-10-30,0.1838532934775284,1.6002123142250555,1739.992720655141
968.2171647346591,2019-05-02,0.19077887346273004,4.733957247686505,1843.850862490694
846.0462896397476,2018-05-22,0.16892062372396957,19.08427190669492,2067.5463551401863
1144.6046411069472,2019-10-28,0.1892295376473549,1.1502882675123023,1838.0208071490342
1346.097423510467,2016-06-04,0.2002544849312032,15.4756441223835,3659.028582930757
866.981446111869,2020-05-16,0.1900745337674327,5.647858117325928,2406.594360163711
1148.740506329114,2020-05-09,0.17684685097475283,12.592956832199441,2751.73552958996
1450.3854124062714,2017-05-13,0.15616463905228864,8.92441717791439,2185.352147239264
1319.886783625731,2018-10-28,0.17600684266254707,1.1147602339180998,1908.4514619883041
933.4662986635677,2018-08-08,0.17023856912181237,20.8318419523535,2097.7819926122684
1160.5583478897843,2018-06-09,0.1580844924999046,14.966574632333954,2001.8703623147571
898.2689728203318,2016-05-11,0.16675760641663698,13.139604659372047,1942.3039181080128
1003.4989441195581,2020-05-24,0.18715521360258988,11.550511695907835,2692.9977257959713
889.1902994011976,2020-07-01,0.1868627193162681,16.88020359281545,2246.4703784431135
982.944089456869,2016-10-22,0.17347994575775866,3.7423322683706037,1550.0511182108626
707.9557211749233,2016-09-27,0.17253071773385092,13.659666812801223,1676.3884261288908
953.7104315168237,2019-07-07,0.17740284991274025,15.186387675327369,2199.413914309803
1076.9171767157181,2019-04-08,0.17796110851178049,2.4093241307458677,1742.685070972783
909.4872479585123,2019-06-28,0.18290934512922907,18.74135608963385,2124.0297488292895
881.1852490421456,2018-07-17,0.16346540854234956,28.059348659008094,2103.0673218390807
809.2607747777964,2018-09-01,0.1701113155577154,17.28372463524926,1932.5861143719603
683.0408587257617,2019-09-25,0.19170262662174914,7.647014465989234,1849.6119052016002
1107.9123595505619,2016-09-17,0.16334183954263748,12.037752808988733,1918.0531835205993
917.5182338219521,2018-06-13,0.17096989646754307,16.30437969252774,2015.2409738112265
1050.5895772400957,2019-08-31,0.1745715748352278,18.778952406277295,2133.2694150491893
1125.8108651911468,2016-05-27,1.1113487127483814,15.529836159816272,3035.8565679793046
954.3451731433025,2017-06-20,3.9716279409958886,13.689811824962486,4068.4147645028393
928.1797802197802,2016-05-04,0.14686048707715998,16.738725274725375,1932.7934065934066
976.8486357975772,2017-09-27,2.594989749119716,12.478648250877301,3182.8798822597078
930.5895999398406,2019-07-26,0.17507398330506252,23.579406677696163,2192.519340126335
1119.1785714285713,2016-08-28,0.1536863410109572,15.629910714285604,2156.065848214286
877.4633897613705,2019-04-03,0.1704341067057074,7.14769528859857,2014.3199398327554
993.038359840562,2019-07-18,0.18068070435960393,21.871944433480316,2246.4037120644066
883.3391949980461,2016-09-05,0.7523442112130756,16.25173896053125,3176.167252833138
816.6456984273821,2019-10-24,0.1908962508032689,11.158538390378922,1891.2637668825162
1225.4809831629584,2019-04-22,0.16743901772851302,12.193625977150816,2232.3126879134093
932.7080772607551,2020-09-30,0.18477037546226777,13.590225343869566,2169.873843283582
1039.243615456612,2020-05-08,0.18723952721478115,9.263624816150454,2522.914716539644
1101.3303741280913,2017-10-22,0.17341100515813077,1.3649334178820656,1895.1807228915663
987.8120386993816,2020-08-11,0.1874334055084963,17.571464193095206,2333.9685811889085
1551.4158357771262,2016-09-10,0.17000601826212658,16.690967741935616,2248.300293255132
1099.7805111821087,2016-06-22,0.1656642301458504,16.590798722045,1880.417571884984
958.3110196958364,2018-10-18,0.1873812878410158,11.421765145848475,1812.9664672151582
1070.7127316377823,2020-10-02,0.18377581673774326,13.651871858352724,2143.0793510390877
1019.3348127108113,2017-05-03,3.4246022237298517,11.161512515534215,3433.0046156577314
1210.1128473688657,2017-07-07,0.3750566300414255,16.378824225019798,2799.8062336345974
937.205525606469,2017-06-28,0.6184829778243223,16.454218328839644,2936.958692722372
977.6298498122653,2016-05-20,0.3623395265321734,14.351345431789813,3063.7650187734666
1710.4410889616186,2020-10-28,0.17982990899245022,10.650386789646122,2135.115886640881
1047.982527664531,2016-06-28,0.1696551123964076,19.80800815375667,1997.0072801397787
1449.2105769230768,2016-08-27,0.15324162299084787,18.99187500000026,2123.7336538461536
1949.947117150202,2016-07-30,0.13864901096613125,21.639221446933544,2635.3077488064637
1286.334362049202,2017-05-26,1.6896189107622341,15.1675425447483,4127.043470593422
1207.7148836799436,2018-05-19,0.14911464264074722,15.615509340850824,2059.6584710962284
1124.75142977545,2018-07-22,0.15856689187411466,22.968894106316416,2204.815885858768
843.3293581199579,2016-05-17,0.17267841841220122,11.08453174324804,1863.2581550333216
894.6317747937227,2018-10-21,0.17693883784642855,9.939734670765807,1922.8071509464487
856.9642458100559,2016-09-09,1.9106894067926117,15.618137802607068,3076.1664804469274
1006.5333277682709,2020-06-15,0.18625412429484203,21.058374723480778,2434.184733503068
1133.1634494490052,2019-05-05,0.17260154330961527,6.483462761629663,2163.7875904149105
1327.5662910798121,2019-07-21,0.16800259092993744,21.991460093895792,2310.481564788732
979.9902213530091,2018-10-11,0.18552863435768743,9.676877944707499,1836.7703511423238
863.5341135458167,2020-09-21,0.18956544787100071,13.350224103585054,2163.444916168659
1157.6927850328796,2020-04-11,0.17554508948394884,6.34965268130021,2820.0091988515323
743.6096,2020-09-17,0.1904846615682909,9.438422857143486,1888.0190114285713
962.3176072522982,2018-07-29,0.1573713153143978,24.365819713994515,2129.8077974974467
856.0113654554186,2020-07-24,0.18819713291811546,15.19939170802048,2115.607064190812
821.0955773226476,2017-10-09,0.18665491375958182,8.731107153457895,1840.1377263282873
689.524024024024,2018-04-03,0.1455628600512968,2.217867867867883,1635.5350300300302
1070.0951761409128,2020-05-17,0.1892340985523905,6.451611289031485,2700.7955364291433
695.9695158398088,2017-10-27,0.17315695566753891,0.26915720263000603,1675.6879856545129
916.8350828489633,2017-07-06,1.8652672132002843,13.160822416931614,3354.3607183135246
1690.3361123299692,2016-07-09,0.21999014323346663,17.810355419043088,4015.364633611233
786.2413632662557,2017-09-25,2.4440222394486644,13.875095963707915,3265.1636617424683
832.911377764927,2019-10-12,0.18489191317183326,10.239280034697895,1897.298103223941
868.2981008881244,2019-06-17,0.1809705374449945,19.73636044511884,2165.8372362832174
810.4477457903314,2018-06-25,0.1699680528885968,15.839141770776706,1947.6086013036397
882.9324196809706,2018-07-25,0.16696148687310133,25.99234329364189,2152.4362462368003
1006.821063394683,2016-08-08,0.1683008681970735,19.1734492160866,2053.6329243353784
827.1933309994749,2018-06-27,0.16852092303029814,18.645282688606525,2026.0245199544897
622.9980430528376,2016-10-12,0.178732706713848,4.609654272668004,1498.6908023483365
860.7616448326055,2020-08-04,0.18660039158279565,16.635747210095342,2261.5650776322173
933.1018011584544,2020-10-05,0.18484613898873273,14.899936523050918,2208.077598190907
1004.9034007159402,2019-08-24,0.1710730305786523,18.725384291424493,2190.6066366603495
1082.1186871477512,2018-06-23,0.15151823211786866,14.01143772792671,2201.156002873246
1048.8839264100702,2020-05-21,0.18184075245971734,13.668422011660557,2720.9229212055197
721.3910981393652,2016-09-07,0.18235703395961295,19.15107624954422,1665.3808828894564
784.22446156886,2019-09-27,0.1874803155686275,9.775867746821698,1884.1951300796948
990.4396992054484,2018-09-08,0.16677756540835245,20.234350170260342,2046.5477199205445
810.2424229894563,2019-07-29,0.18091597470532894,17.898304734341313,2164.032195989249
956.1394903817102,2020-09-20,0.18172875119742452,12.863712357739145,2351.1182384933018
747.2118657937807,2019-08-20,0.18526602829931393,18.461350245500075,2087.9869619476267
2145.1560016729404,2020-03-26,0.1698072843289957,5.771413634462704,2514.2347009619407
1128.9582513661203,2020-06-14,0.17560260654766907,19.379492896175428,2582.751533989071
844.2524830938293,2019-07-11,0.18824729943418703,13.16668427726221,2040.0329321639902
975.660017809439,2020-05-26,0.18600872095393375,19.108646482633347,2641.941376669635
759.6374342419895,2018-09-13,0.18094106869639615,15.281175274986348,1897.9694924677187
982.3768227909222,2020-10-13,0.1867684543944833,9.4132979237081,2122.4040550458712
970.1117367245898,2019-04-07,0.16044667621572636,8.057062421124062,2077.5294660712552
887.8027101964307,2018-05-30,0.16739991368271984,20.570277658454327,2069.9376088569534
1026.1886094674555,2016-06-10,0.16529956017165953,10.664349112426041,1816.1227810650887
802.6233889085964,2019-07-01,0.1830827264587549,18.523262780342588,2173.1311997950415
966.1122102882985,2020-06-23,0.18506178090496514,21.96220221270717,2467.1622260356944
956.0762379764874,2020-07-25,0.1771109864955398,16.55756323476987,2274.8969490559316
1029.3073230060172,2018-05-06,0.15133297227525536,12.252003584690327,2066.3486730252207
901.4327865606126,2019-06-05,0.18030074396519621,20.51033697481664,2268.6281062081257
1023.0714379399292,2018-08-17,0.17035600438585904,20.90895816027384,2044.1689039478863
1296.6123117223315,2019-10-19,0.18120102327566465,11.590831696136398,1913.7638621480025
1009.1802696582956,2020-07-10,0.18232563763518742,16.291838205023694,2331.9729302181963
1278.851780378486,2019-04-16,0.17423971199551896,9.449800796811731,2005.5022410358565
953.5201265514723,2019-05-30,0.17559685061332575,13.953828182038645,2209.404932587004
794.0027769207035,2018-08-21,0.17638172118810772,16.162275017997782,1967.7518271109748
1754.4850366125438,2020-10-24,0.17838860496610362,5.197039159503222,2166.723123209169
1016.8048429483168,2019-06-02,0.17521073746417634,14.747734951820291,2218.694968714804
622.0442913385826,2016-10-24,0.19483156224826162,5.613976377952721,1436.216535433071
869.3184812088338,2016-09-12,2.4224083107161887,17.22425416505284,3203.3510267338243
1051.1644132431963,2017-07-25,2.1124923095402695,17.22588836886986,3430.3951291384988
1069.3581606620621,2019-05-25,0.17562187331470336,11.581407504198626,2029.5347308817124
835.8788214904679,2019-09-13,0.18812045123296312,13.259736568457107,1839.3197220103984
903.0762503526378,2018-05-25,0.16593732829015598,16.49012614355566,2031.4815213799218
976.7147412951513,2020-09-03,0.18504752772278887,16.85850309144382,2135.2105219655064
1094.5739939141988,2019-06-09,0.17055394341940333,18.665400934295395,2345.06990014143
1087.8779691749774,2020-05-30,0.17677772932793953,18.062425203990056,2636.2844510426107
913.9432296394092,2019-06-04,0.1808683628701818,19.54554418681086,2202.867562505157
768.6868551466407,2019-08-21,0.18557157160565527,17.92254854172225,2070.5947002193516
809.368720420303,2019-09-03,0.18567619376216007,16.686948026575084,2006.9570865355388
937.7803959225882,2019-06-23,0.17468954984826152,18.084177869703517,2286.727801004579
893.7230753321959,2020-07-27,0.18232495164172136,19.94428416317391,2359.8620019647383
1151.2996059736342,2020-08-08,0.1723066435389717,23.015474047768873,2434.5200175122827
1398.8194401244168,2020-04-01,0.1735144901766579,5.566205287714165,2430.844063763608
1013.4855315747402,2020-10-18,0.18296955216505803,5.240271782573882,2219.0324540367706
758.132714880727,2017-10-17,0.18355968564277048,9.227451722832296,1845.4634608102992
1203.5491211840888,2020-10-06,0.18620366059748117,14.39067530064584,2099.73968547641
960.4465722454951,2020-05-07,0.1895083960065919,11.50096415985209,2613.5231491455543
860.4963371541843,2018-07-31,0.168970825860718,24.562626044988637,2128.417750581746
1199.1528095943943,2017-05-05,1.9324149650820293,11.114054709607478,3604.784799892198
793.4981249428337,2018-10-04,0.18629277008305745,4.405762370804314,1807.4054998628005
777.5341588980103,2018-08-23,0.17285993196278696,18.164574926951246,1917.1189647975511
693.880007137122,2019-10-09,0.19151787345556098,5.587090730662954,1821.7984949594074
1416.14529983142,2017-05-19,1.5696523073924353,17.13702336035646,3912.603275266918
880.2407707830491,2019-07-10,0.18019727629926657,18.297455782850015,2171.9102199976255
849.8307715567203,2020-08-27,0.1869801356949876,15.60336642644962,2292.169026356901
841.7462314066088,2017-08-07,0.2626967669014498,15.868972746333744,2391.2984925626433
851.0933025771556,2019-08-06,0.1852437869636085,17.777350461342813,2116.3302044225265
895.0738925367613,2020-09-09,0.18647439566492635,14.082650513272647,2070.015569222232
830.8866703136397,2020-10-08,0.18770561578052783,13.583342450766011,2128.3187180889863
853.9339783460032,2018-05-18,0.16554562523302183,15.224450587422849,1888.7491356830221
849.0601816955608,2019-06-20,0.18316409608444179,21.353358194151784,2142.625487761336
640.9146634615385,2016-10-05,0.17886505925917875,7.499939903846248,1536.4879807692307
789.3832536286601,2019-10-08,0.19204098156256094,5.452881953184085,1857.6724540649382
839.7627724187209,2019-05-20,0.18453802507697237,18.352879996821702,2140.9807867889326
612.13196814562,2016-10-25,0.18611943036193906,2.339931740614338,1442.6939704209328
773.9817688801708,2018-09-04,0.18317528886167317,16.471839843073262,1952.793034673744
2128.6276021588283,2016-09-03,3.876895470083824,14.625905936777132,4703.536622976098
904.8232799481116,2018-06-07,0.17225473854062337,12.515766102876169,1903.8106066956043
741.6086286594762,2016-10-23,0.16931862613440363,5.976117103235751,1694.2989214175655
988.0033908754624,2018-08-26,0.16915008162179812,15.96400534319837,2048.5414097821617
1094.7194650338383,2020-05-23,0.17968413819099052,13.31935223977222,2720.1424798582025
915.5541134603308,2018-09-12,0.18290291701162809,15.731135301094664,1861.8094571209263
911.3273969615468,2017-08-24,1.2655346977806035,14.52813113324142,3605.464781565748
917.0817120622568,2018-10-31,0.18239729585955627,8.454559296226858,1772.5800490610725
864.6942217595002,2018-08-24,0.1764228587921914,19.767022384176716,1988.2850426861012
770.8329258353708,2017-10-29,0.18276998671083783,2.2762836185818913,1815.2901385493074
836.2336186087338,2018-08-03,0.16471976943389963,25.92358130349431,2067.033546192671
900.0670305805013,2018-05-10,0.1537731639308686,13.585314315900606,2060.900490109761
930.5332254933678,2017-08-03,2.2078415546676116,18.998136525396767,4320.501649951472
1116.7442124983272,2017-06-16,1.234743297496026,19.593175431551987,3169.176702796735
997.4833208994991,2018-09-23,0.17456623404746216,12.300106575721129,1981.8550570180114
1101.8883127243719,2016-07-08,0.40263083871711536,17.704706820901393,3396.8751495811725
1483.552423900789,2016-05-22,0.1707795355791829,15.436715520481112,2396.784667418264
849.6695106186519,2019-08-28,0.1839452938468762,20.37529085872765,2115.8651268698063
1400.6912981455064,2020-03-28,0.16388779474362988,7.419771754636561,2806.171088445078
840.8565100607889,2018-07-30,0.1672772415037712,24.601503227931637,2086.332909382216
926.6189096079182,2018-07-12,0.16416261730685378,21.801881117739224,2119.799474490075
1548.9304308797127,2016-05-08,0.13968265769146204,18.108886894075397,2640.0471274685815
1222.9714611872146,2017-05-02,1.6493155366857482,12.420738203957773,3417.4809741248096
1117.5690143337463,2020-04-19,0.17827873938716526,8.463563970977711,2858.928536542205
1080.089181768259,2019-08-03,0.1738005934069827,15.166419549697313,2155.91310708402
758.5696037539103,2019-09-02,0.18720555637099826,19.573076120961133,1981.6550224191865
906.8637288135593,2017-08-14,2.0764982665830938,17.880379661013414,3902.3991186440676
830.8495617836849,2018-04-23,0.17623269051227394,4.650130020225131,1897.2753539439468
